Place_Id,Place_Name,Description,Category,City,Price,Rating,Time_Minutes,Coordinate,Lat,Long,Unnamed: 11,Unnamed: 12,Cleaned_Description
392,Ekowisata Mangrove Wonorejo,"Hutan Wisata Mangrove Surabaya merupakan wisata yang menggabungkan wisata rekreasi dan edukasi. Di area dengan luas kurang lebih 200 hektar ini ditanami berbagai tanaman bakau. Lokasi wisata ini dikelola dengan baik oleh pemerintah Kota Surabaya. Sehingga wisata ini diminati pengunjung karena tertata rapi dan bersih. Aktivitas wisata yang bisa dilakukan antara lain berkeliling hutan mangrove baik menggunakan perahu atau berjalan kaki . Serta wisata edukasi mengenai ekosistem sekitar.",Cagar Alam,Surabaya,0,4.3,60.0,"{'lat': -7.308648199999999, 'lng': 112.8216622}",-7.3086482,112.8216622,,392.0,hutan wisata mangrove surabaya merupakan wisata menggabungkan wisata rekreasi edukasi area luas kurang lebih 200 hektar ditanami berbagai tanaman bakau lokasi wisata dikelola baik oleh pemerintah surabaya sehingga wisata diminati pengunjung karena tertata rapi bersih aktivitas wisata bisa dilakukan antara lain berkeliling hutan mangrove baik menggunakan perahu atau berjalan kaki serta wisata edukasi mengenai ekosistem sekitar
393,Taman Harmoni Keputih,"Tempat tersebut ialah Taman Hatmoni Keputih Surabaya yang memiliki segudang koleksi bunga warna-warni. Dulunya tempat ini merupakan lokasi pembuangan sampah atau TPA, namun kini bertransformasi menjadi sebuah wisata taman yang sangat cantik. Bukan hanya cantik, namun bunga-bunga yang bermekaran di Taman Harmoni terlihat sangat instagramable, sehingga tak heran jika mayoritas pengunjung tempat ini merupakan para kaum kawula muda penggiat sosial media. Lantas berapa sih budget untuk memasuki kawasan Taman Harmoni Surabaya ini? Kamu nggak perlu khawatir, karena harga tiket masuk Taman Harmoni Keputih Surabaya ini gratis. Kamu hanya perlu menyiapkan kocek untuk membayar karcis parkir saja.",Cagar Alam,Surabaya,0,4.4,60.0,"{'lat': -7.2952211, 'lng': 112.8035603}",-7.2952211,112.8035603,,393.0,tempat tersebut ialah taman hatmoni keputih surabaya memiliki segudang koleksi bunga warnawarni dulunya tempat merupakan lokasi pembuangan sampah atau tpa namun kini bertransformasi menjadi wisata taman sangat cantik bukan hanya cantik namun bungabunga bermekaran taman harmoni terlihat sangat instagramable sehingga tak heran jika mayoritas pengunjung tempat merupakan para kaum kawula muda penggiat sosial media lantas berapa sih budget memasuki kawasan taman harmoni surabaya kamu nggak perlu khawatir karena harga tiket masuk taman harmoni keputih surabaya gratis kamu hanya perlu menyiapkan kocek membayar karcis parkir saja
394,Air Mancur Menari,"Jembatan Kenjeran dengan air mancur menarinya sejatinya bukan hanya sebuah jembatan penghubung jalan saja, namun juga dimanfaatkan sebagai destinasi wisata oleh pemerintah kota Surabaya. Posisi air mancur menari sendiri berada di ujung jembatan Kenjeran dekat dengan anjungan penyeberangan atau di Taman Hiburan Pantai (THP). Lokasi ini sangat ramah kaum difabel karena tersedia lift yang dapat mereka gunakan untuk mempermudah perjalanan mereka. Sembari menunggu pertunjukan air mancur menari yang spektakuler di jembatan Kenjeran ini, Anda dapat menikmati pemandangan indah matahari terbenam (sunset) di jembatan ini. Jangan lewatkan untuk berfoto dengan laut lepas yang memesona sebagai latar belakangnya. Anda juga dapat menikmati berbagai kuliner lezat khas Jawa Timur di lokasi ini karena banyak pedagang kaki lima yang berjualan di sini. Berbagai mainan anak-anak pun dijual di lokasi ini. Jadi tidak perlu kuatir bahwa anak-anak akan merasa bosan menunggu pertunjukan air mancur menari yang mereka tunggu-tunggu. Silakan atur jadwal kunjungan Anda untuk menyaksikan taman air mancur menari Kenjeran ini dan buktikan sendiri keindahannya. Pastikan bahwa mobilitas Anda terjamin dengan sewa mobil Surabaya karena di lokasi ini masih minim transportasi online pada malam hari.",Taman Hiburan,Surabaya,35000,4.4,45.0,"{'lat': -7.2356933, 'lng': 112.7955234}",-7.2356933,112.7955234,,394.0,jembatan kenjeran air mancur menarinya sejatinya bukan hanya jembatan penghubung jalan saja namun juga dimanfaatkan destinasi wisata oleh pemerintah surabaya posisi air mancur menari sendiri berada ujung jembatan kenjeran dekat anjungan penyeberangan atau taman hiburan pantai thp lokasi sangat ramah kaum difabel karena tersedia lift dapat mereka gunakan mempermudah perjalanan mereka sembari menunggu pertunjukan air mancur menari spektakuler jembatan kenjeran anda dapat menikmati pemandangan indah matahari terbenam sunset jembatan jangan lewatkan berfoto laut lepas memesona latar belakangnya anda juga dapat menikmati berbagai kuliner lezat khas jawa timur lokasi karena banyak pedagang kaki lima berjualan sini berbagai mainan anakanak pun dijual lokasi jadi tidak perlu kuatir bahwa anakanak akan merasa bosan menunggu pertunjukan air mancur menari mereka tunggutunggu silakan atur jadwal kunjungan anda menyaksikan taman air mancur menari kenjeran buktikan sendiri keindahannya pastikan bahwa mobilitas anda terjamin sewa mobil surabaya karena lokasi masih minim transportasi online pada malam hari
395,Taman Prestasi,"Taman Prestasi Surabaya merupakan salah satu taman yang begitu terkenal di Kota Pahlawan dan banyak dikunjungi, sehingga tak heran jika menjadi tempat favorit bagi keluarga terutama pada saat weekend. di tempat lain juga ada loh nama stadion dan taman yang sama persis dengan yang di Surabaya ini, di Bontang, Kaltim yang punya Stadion dengan nama stadion “Taman Prestasi”. Jalan Ahmad Yani, Sukarasa, Kota Tangerang, Banten 15111, juga ada sebuah taman bernama “Taman Prestasi” persis bukan? Di Jogja juga ada sebuah taman yang serupa bernama “Taman Pintar”.",Taman Hiburan,Surabaya,0,4.6,,"{'lat': -7.2614722, 'lng': 112.7428284}",-7.2614722,112.7428284,,395.0,taman prestasi surabaya merupakan salah satu taman begitu terkenal pahlawan banyak dikunjungi sehingga tak heran jika menjadi tempat favorit bagi keluarga terutama pada saat weekend tempat lain juga ada loh nama stadion taman sama persis surabaya bontang kaltim punya stadion nama stadion taman prestasi jalan ahmad yani sukarasa tangerang banten 15111 juga ada taman bernama taman prestasi persis bukan jogja juga ada taman serupa bernama taman pintar
396,Monumen Kapal Selam,"Monumen Kapal Selam, atau disingkat Monkasel, adalah sebuah museum kapal selam yang terdapat di Embong Kaliasin, Genteng, Surabaya. Terletak di pusat kota, monumen ini sebenarnya merupakan kapal selam KRI Pasopati 410, salah satu armada Angkatan Laut Republik Indonesia buatan Uni Soviet tahun 1952. Kapal selam ini pernah dilibatkan dalam Pertempuran Laut Aru untuk membebaskan Irian Barat dari pendudukan Belanda.\nKapal selam ini kemudian dibawa ke darat dan dijadikan monumen untuk memperingati keberanian pahlawan Indonesia. Monkasel berada di Jalan Pemuda, tepat di sebelah Plaza Surabaya. Selain interior kapal selam, di sini juga diadakan pemutaran film tentang proses peperangan yang terjadi di Laut Aru. Jika ingin mengunjungi tempat wisata ini, maka akan ditemani oleh seorang pemandu lokal yang terdapat di sana.\nAda cerita unik di balik hadirnya monumen Kapal Selam ini. Pada suatu malam Pak Drajat Budiyanto yang merupakan mantan KKM KRI Pasopati 410 (buatan Rusia) ini dan juga mantan KKM KRI Cakra 401 (buatan Jerman Barat), bermimpi diperintahkan oleh KSAL pada waktu itu untuk membawa kapal selam ini melayari Kali Mas. Ternyata mimpi itu menjadi kenyataan. Dia ditugaskan untuk memajang kapal selam di samping Surabaya Plaza. Caranya dengan memotong kapal selam ini menjadi beberapa bagian, kemudian diangkut ke darat, dan dirangkai dan disambung kembali menjadi kapal selam yang utuh.",Budaya,Surabaya,15000,4.4,30.0,"{'lat': -7.2654304, 'lng': 112.7503052}",-7.2654304,112.7503052,,396.0,monumen kapal selam atau disingkat monkasel museum kapal selam terdapat embong kaliasin genteng surabaya terletak pusat monumen sebenarnya merupakan kapal selam kri pasopati 410 salah satu armada angkatan laut republik indonesia buatan uni soviet tahun 1952 kapal selam pernah dilibatkan dalam pertempuran laut aru membebaskan irian barat pendudukan belandankapal selam kemudian dibawa darat dijadikan monumen memperingati keberanian pahlawan indonesia monkasel berada jalan pemuda tepat sebelah plaza surabaya selain interior kapal selam sini juga diadakan pemutaran film tentang proses peperangan terjadi laut aru jika ingin mengunjungi tempat wisata maka akan ditemani oleh seorang pemandu lokal terdapat sananada cerita unik balik hadirnya monumen kapal selam pada suatu malam pak drajat budiyanto merupakan mantan kkm kri pasopati 410 buatan rusia juga mantan kkm kri cakra 401 buatan jerman barat bermimpi diperintahkan oleh ksal pada waktu membawa kapal selam melayari kali mas ternyata mimpi menjadi kenyataan dia ditugaskan memajang kapal selam samping surabaya plaza caranya memotong kapal selam menjadi beberapa bagian kemudian diangkut darat dirangkai disambung kembali menjadi kapal selam utuh
397,Taman Kunang-Kunang,"Taman Kunang – Kunang di Surabaya ini mempunyai luas 400 meter persegi dan Taman Kunang – Kunang di Surabaya ini diresmikan oleh walikota Surabaya, Ibu Tri Rismaharini pada hari sabtu 28 Oktober 2010. Lokasi Taman Kunang – Kunang di Surabaya ini terletak di Jalan Panjaringan Timur, Panjaringan Sari, Kecamatan Rungkut, Kota Surabaya. Taman Kunang – Kunang di Surabaya ini letaknya persis berada di antara dua bangunan rumah susun dan terdapat tulisan “Taman Kunang – Kunang,” dengan latar belakang putih. Taman Kunang – Kunang di Surabaya mempunyai banyak fasilitas publik yang cukup lengkap diantaranya adalah lapangan futsal, lapangan basket, dan area bermain untuk anak – anak. Taman Kunang – Kunang di Surabaya ini telah menjadi kawasan bermain di Surabaya untuk semua kalangan, mulai dari anak – anak, remaja, maupun dewasa. Bahkan Taman Kunang – Kunang di Surabaya ini juga tidak jarang dikunjungi oleh para lansia.",Taman Hiburan,Surabaya,0,4.4,45.0,"{'lat': -7.318220199999999, 'lng': 112.7842405}",-7.3182202,112.7842405,,397.0,taman kunang kunang surabaya mempunyai luas 400 meter persegi taman kunang kunang surabaya diresmikan oleh walikota surabaya ibu tri rismaharini pada hari sabtu 28 oktober 2010 lokasi taman kunang kunang surabaya terletak jalan panjaringan timur panjaringan sari kecamatan rungkut surabaya taman kunang kunang surabaya letaknya persis berada antara dua bangunan rumah susun terdapat tulisan taman kunang kunang latar belakang putih taman kunang kunang surabaya mempunyai banyak fasilitas publik cukup lengkap diantaranya lapangan futsal lapangan basket area bermain anak anak taman kunang kunang surabaya telah menjadi kawasan bermain surabaya semua kalangan mulai anak anak remaja maupun dewasa bahkan taman kunang kunang surabaya juga tidak jarang dikunjungi oleh para lansia
398,Taman Buah Surabaya,"Wisata Taman Buah Undaan di Surabaya adalah salah satu tempat wisata yang berada di blok m suturejo utara, kabupaten surabaya, provinsi jawa timur, negara indonesia. Wisata Taman Buah Undaan di Surabaya adalah tempat wisata yang ramai dengan wisatawan pada hari biasa maupun hari liburan. Tempat ini sangat indah dan bisa memberikan sensasi yang berbeda dengan aktivitas kita sehari hari. Wisata Taman Buah Undaan di Surabaya memiliki pesona keindahan yang sangat menarik untuk dikunjungi. Sangat di sayangkan jika anda berada di kota surabaya tidak mengunjungi wisata taman yang mempunyai keindahan yang tiada duanya tersebut. Wisata Taman Buah Undaan di Surabaya sangat cocok untuk mengisi kegiatan liburan anda, apalagi saat liburan panjang seperti libur nasional, ataupun hari ibur lainnya. Keindahan Wisata Taman Buah Undaan di Surabaya ini sangatlah baik bagi anda semua yang berada di dekat atau di kejauhan untuk merapat mengunjungi tempat Wisata Taman Buah Undaan di Surabaya di kota surabaya.",Taman Hiburan,Surabaya,0,4.1,30.0,"{'lat': -7.266213899999999, 'lng': 112.795281}",-7.2662139,112.795281,,398.0,wisata taman buah undaan surabaya salah satu tempat wisata berada blok m suturejo utara kabupaten surabaya provinsi jawa timur negara indonesia wisata taman buah undaan surabaya tempat wisata ramai wisatawan pada hari biasa maupun hari liburan tempat sangat indah bisa memberikan sensasi berbeda aktivitas kita sehari hari wisata taman buah undaan surabaya memiliki pesona keindahan sangat menarik dikunjungi sangat sayangkan jika anda berada surabaya tidak mengunjungi wisata taman mempunyai keindahan tiada duanya tersebut wisata taman buah undaan surabaya sangat cocok mengisi kegiatan liburan anda apalagi saat liburan panjang seperti libur nasional ataupun hari ibur lainnya keindahan wisata taman buah undaan surabaya sangatlah baik bagi anda semua berada dekat atau kejauhan merapat mengunjungi tempat wisata taman buah undaan surabaya surabaya
399,Taman Pelangi,"Kalau pelangi biasanya ada di siang hari pasca hujan, maka di Taman Pelangi Yogyakarta pengunjung justru bisa menikmatinya setiap malam hari. Ya, ini lantaran taman ini merupakan Taman Lampion beraneka warna dan rupa. Buka sejak petang, Taman ini memang sangat cocok dijadikan pilihan destinasi rekreasi keluarga saat malam hari. Namun karena merupakan taman outdoor alias terbuka, maka pilihan paling tepat untuk datang ialah saat cuaca tidak hujan.",Taman Hiburan,Surabaya,0,4.5,20.0,"{'lat': -7.3275604, 'lng': 112.7312242}",-7.3275604,112.7312242,,399.0,kalau pelangi biasanya ada siang hari pasca hujan maka taman pelangi yogyakarta pengunjung justru bisa menikmatinya setiap malam hari ya lantaran taman merupakan taman lampion beraneka warna rupa buka sejak petang taman memang sangat cocok dijadikan pilihan destinasi rekreasi keluarga saat malam hari namun karena merupakan taman outdoor alias terbuka maka pilihan paling tepat datang ialah saat cuaca tidak hujan
400,Hutan Bambu Keputih,"Surabaya menjadi kota metropolitan kedua setelah Jakarta. Kepadatan penduduk Surabaya pun cukup tinggi, dan karena terletak di pesisir, suhu kota terasa panas. Meski begitu, masih ada tempat sejuk, teduh, dan asri di tengah Kota Surabaya. Ialah Hutan Bambu Surabaya, tepatnya berada di Keputih. Mendengar nama “Hutan Bambu”, mungkin yang terlintas adalah hutan di pedesaan. Tapi jangan salah, di tengah kota pun dapat terwujud tempat asri seperti ini. Suasananya yang asri membuat pengunjung berbondong-bondong datang ke lokasi ini. Dan sekarang, taman rekreasi ini tengah menjadi favorit pengunjung menghabiskan waktu luang.",Cagar Alam,Surabaya,0,4.3,25.0,"{'lat': -7.294190899999999, 'lng': 112.8017238}",-7.2941909,112.8017238,,400.0,surabaya menjadi metropolitan kedua setelah jakarta kepadatan penduduk surabaya pun cukup tinggi karena terletak pesisir suhu terasa panas meski begitu masih ada tempat sejuk teduh asri tengah surabaya ialah hutan bambu surabaya tepatnya berada keputih mendengar nama hutan bambu mungkin terlintas hutan pedesaan tapi jangan salah tengah pun dapat terwujud tempat asri seperti suasananya asri membuat pengunjung berbondongbondong datang lokasi sekarang taman rekreasi tengah menjadi favorit pengunjung menghabiskan waktu luang
401,Taman Keputran,"Ntah, mengapa nama taman ini disebut dengan taman keputran, namun jika dikaitkan dengan lokasi taman, berada di persimpangan jalan Keputran Surabaya. Selain itu, di seberang sungai terdapat juga sebuah taman yang bernama Taman Lalu Lintas Surabaya. Keunikan Taman Keputran dibandingkan dengan taman lainnya adalah adanya lampu yang kerangka tiangnya mirip dengan manusia, dengan gaya pose yang berbeda-beda itu, membuat taman ini terlihat ada sentuhan kreatif dan inovatif. Lampu-lampu itu terang dan indah pada malam hari. Untuknya, taman ini cukup representatif sebagai pilihan mendapatkan tempat tongkrongan yang tenang pada malam hari. Tak hanya itu, jalur pijat refleksi kaki juga tersedia disana. Cocok untuk pengunjung yang ingin mencoba pengobatan refleksi kaki sederhana. Melalui pemahaman tentang jalur refleksi secara mendalam, sebagian orang memilih sarana ini dalam usaha menyembuhkan penyakit.",Taman Hiburan,Surabaya,0,4.3,,"{'lat': -7.2732153, 'lng': 112.744102}",-7.2732153,112.744102,,401.0,ntah mengapa nama taman disebut taman keputran namun jika dikaitkan lokasi taman berada persimpangan jalan keputran surabaya selain seberang sungai terdapat juga taman bernama taman lalu lintas surabaya keunikan taman keputran dibandingkan taman lainnya adanya lampu kerangka tiangnya mirip manusia gaya pose berbedabeda membuat taman terlihat ada sentuhan kreatif inovatif lampulampu terang indah pada malam hari untuknya taman cukup representatif pilihan mendapatkan tempat tongkrongan tenang pada malam hari tak hanya jalur pijat refleksi kaki juga tersedia disana cocok pengunjung ingin mencoba pengobatan refleksi kaki sederhana melalui pemahaman tentang jalur refleksi secara mendalam sebagian orang memilih sarana dalam usaha menyembuhkan penyakit
402,Food Junction Grand Pakuwon,"Food Junction Grand Pakuwon sebetulnya merupakan suatu pujasera dengan konsep yang sedikit berbeda dengan tempat lainnya. Tempatnya yang terletak di area Tandes, Surabaya Barat (strategis dengan suasana romantis dan unik) dimana jika dari arah pusat kota hanya membutuhkan waktu 20 menit untuk sampai ke lokasi. Sehingga tidak heran apabila banyak warga Surabaya yang menghabiskan waktu sore hari ditempat ini.",Pusat Perbelanjaan,Surabaya,0,4.5,120.0,"{'lat': -7.251022000000003, 'lng': 112.6620053}",-7.251022,112.6620053,,402.0,food junction grand pakuwon sebetulnya merupakan suatu pujasera konsep sedikit berbeda tempat lainnya tempatnya terletak area tandes surabaya barat strategis suasana romantis unik dimana jika arah pusat hanya membutuhkan waktu 20 menit sampai lokasi sehingga tidak heran apabila banyak warga surabaya menghabiskan waktu sore hari ditempat
403,Taman Barunawati,"Taman Barunawati yang lokasinya berada di kota Surabaya bagian utara. Taman yang satu ini bisa menjadi referensi untuk dikunjungi karena cukup recommended terutama bagi warga Surabaya atau bahkan warga luar Surabaya. Layaknya taman pada umumnya, memanglah menjadi tempat berlibur yang paling murah namun ada manfaat tersendiri yang bisa dirasakan oleh pengunjung seperti pikiran jadi tenang. Selain itu kita juga bisa mengajak anak atau anggota keluarga yang masih kecil untuk sekedar bermain di playground yang ada di dalam Taman Barunawati. Taman yang diresmikan pada 9 Oktober 2019 itu sekarang kondisinya nampak indah dan asri sehingga dapat mengalihkan perhatian bagi siapa saja yang melewati jalan Perak Barat Surabaya. Berkunjung ke taman ini pun kita tidak perlu merogoh kocek sepeser pun, namun pengunjung masih dapat menikmati pemandangan dan semua fasilitas yang ada di dalamnya.",Taman Hiburan,Surabaya,0,4.2,30.0,"{'lat': -7.222055899999998, 'lng': 112.7319967}",-7.2220559,112.7319967,,403.0,taman barunawati lokasinya berada surabaya bagian utara taman satu bisa menjadi referensi dikunjungi karena cukup recommended terutama bagi warga surabaya atau bahkan warga luar surabaya layaknya taman pada umumnya memanglah menjadi tempat berlibur paling murah namun ada manfaat tersendiri bisa dirasakan oleh pengunjung seperti pikiran jadi tenang selain kita juga bisa mengajak anak atau anggota keluarga masih kecil sekedar bermain playground ada dalam taman barunawati taman diresmikan pada 9 oktober 2019 sekarang kondisinya nampak indah asri sehingga dapat mengalihkan perhatian bagi siapa saja melewati jalan perak barat surabaya berkunjung taman pun kita tidak perlu merogoh kocek sepeser pun namun pengunjung masih dapat menikmati pemandangan semua fasilitas ada dalamnya
404,Kenjeran Park,"Kenjeran Park merupakan salah satu tempat wisata kekinian di Surabaya. Tempat wisata ini berlokasi tepat di Jalan Sukolilo, Desa Sukolilo Baru, Kecamatan Bulak, Surabaya, Jawa Timur. Dulunya, Kenjeran Park merupakan tempat yang kumuh dan kurang terawat. Tetapi, tempat ini kembali terawat hingga bertransformasi menjadi destinasi wisata modern dan kekinian di tengah Kota Surabaya. Kenjeran Park terdiri dari beberapa kawasan wisata yang bisa pengunjung pilih. Bagi yang membawa anak-anak dan suka berenang, pengunjung bisa mengunjungi Atlantis Land Kenjeran. Lalu, pengunjung juga bisa menyambangi beberapa tempat yang ikonik dari Kenjeran Park. Salah satunya adalah Pagoda Tian Ti. Pagoda Tian Ti ini punya desain yang terinspirasi dari Pagoda Tian Tan di Beijing, China. Namun, Pagoda Tian Ti terdiri dari tiga lantai dengan diameter 60 meter dan tinggi 58 meter. Tempat ikonik lainnya adalah Patung Buddha 4 Wajah. Patung Buddha memiliki ketinggian 36 meter. Tempat menarik lainnya yang bisa pengunjung sambangi adalah Klenteng Sanggar Agung. Di klenteng ini, pengunjung bisa melihat patung Dewi Kwan Im dan sepasang naga merah keemasan yang langsung menghadap ke pantai.",Taman Hiburan,Surabaya,35000,4.2,120.0,"{'lat': -7.252296400000001, 'lng': 112.7966952}",-7.2522964,112.7966952,,404.0,kenjeran park merupakan salah satu tempat wisata kekinian surabaya tempat wisata berlokasi tepat jalan sukolilo desa sukolilo baru kecamatan bulak surabaya jawa timur dulunya kenjeran park merupakan tempat kumuh kurang terawat tetapi tempat kembali terawat hingga bertransformasi menjadi destinasi wisata modern kekinian tengah surabaya kenjeran park terdiri beberapa kawasan wisata bisa pengunjung pilih bagi membawa anakanak suka berenang pengunjung bisa mengunjungi atlantis land kenjeran lalu pengunjung juga bisa menyambangi beberapa tempat ikonik kenjeran park salah satunya pagoda tian ti pagoda tian ti punya desain terinspirasi pagoda tian tan beijing china namun pagoda tian ti terdiri tiga lantai diameter 60 meter tinggi 58 meter tempat ikonik lainnya patung buddha 4 wajah patung buddha memiliki ketinggian 36 meter tempat menarik lainnya bisa pengunjung sambangi klenteng sanggar agung klenteng pengunjung bisa melihat patung dewi kwan im sepasang naga merah keemasan langsung menghadap pantai
405,Surabaya North Quay,"Surabaya menjadi kota besar yang sering menjadi tempat tujuan wisata. Berbagai tempat belanja dari tradisional hingga modern ada di Ibukota Jawa Timur ini. Namun, apakah tidak bosan wisata belanja saja di Surabaya? Jika bosan, datanglah ke Surabaya North Quay, objek wisata baru di Surabaya. Surabaya North Quay sebenarnya adalah terminal bagi kapal pesiar mewah yang bersandar. Namun, tempat ini sengaja dibenahi supaya dapat menjadi tempat wisata bagi warga Surabaya dan sekitarnya. Bahkan, tak sedikit yang berasal dari luar daerah yang penasaran ingin menikmati pemandangan menakjubkan. Lautan lepas dengan kapal pesiar mewah yang bersandar di terminal ini, menjadi daya tarik utamanya.",Taman Hiburan,Surabaya,50000,4.4,,"{'lat': -7.1968193, 'lng': 112.7324578}",-7.1968193,112.7324578,,405.0,surabaya menjadi besar sering menjadi tempat tujuan wisata berbagai tempat belanja tradisional hingga modern ada ibukota jawa timur namun apakah tidak bosan wisata belanja saja surabaya jika bosan datanglah surabaya north quay objek wisata baru surabaya surabaya north quay sebenarnya terminal bagi kapal pesiar mewah bersandar namun tempat sengaja dibenahi supaya dapat menjadi tempat wisata bagi warga surabaya sekitarnya bahkan tak sedikit berasal luar daerah penasaran ingin menikmati pemandangan menakjubkan lautan lepas kapal pesiar mewah bersandar terminal menjadi daya tarik utamanya
406,Kebun Bibit Wonorejo,"Meskipun namanya kebun bibit, namun kawasan ini rasanya lebih cocok disebut sebagai taman. Kawasan Kebun Bibit Wonorejo ini terbagi menjadi 2 bagian, yaitu Taman Aktif dan Taman Pasif yang total keduanya mempunyai luas sebesar 5.9 hektare. Cuaca panas yang bikin gerah memang paling enak didinginkan dengan berkunjung ke tempat adem. Selain mall, taman kota di Surabaya seperti Kebun Bibit Wonorejo ini juga pilihan yang tepat. Pengunjung akan dimanjakan dengan udara sejuk. Hal ini karena banyaknya pepohonan yang menjulang tinggi.",Cagar Alam,Surabaya,0,4.4,30.0,"{'lat': -7.312365499999999, 'lng': 112.7889021}",-7.3123655,112.7889021,,406.0,meskipun namanya kebun bibit namun kawasan rasanya lebih cocok disebut taman kawasan kebun bibit wonorejo terbagi menjadi 2 bagian yaitu taman aktif taman pasif total keduanya mempunyai luas sebesar 59 hektare cuaca panas bikin gerah memang paling enak didinginkan berkunjung tempat adem selain mall taman surabaya seperti kebun bibit wonorejo juga pilihan tepat pengunjung akan dimanjakan udara sejuk hal karena banyaknya pepohonan menjulang tinggi
407,Taman Ekspresi Dan Perpustakaan,"Taman Ekspresi Surabaya tidak hanya menyuguhkan taman yang rindang dan asri. Taman di Jalan Gentengkali ini juga punya fasilitas penunjang berupa perpustakaan di sisi barat. Perpustakaan yang dikelola Dinas Perpustakaan dan Kearsipan Kota Surabaya tersebut memiliki 3.412 koleksi buku. Buku-buku yang ada di perpustakaan sangat lengkap dan baru, dari cetakan 2009 sampai terbaru 2019. Mulai buku bahasa, filsafat, psikologi, agama, matematika, ilmu alam, ilmu sosial, keluarga, teknologi, seni, sastra, geografis, sejarah, hingga bacaan untuk anak-anak.",Taman Hiburan,Surabaya,0,4.5,45.0,"{'lat': -7.2573072, 'lng': 112.7437199}",-7.2573072,112.7437199,,407.0,taman ekspresi surabaya tidak hanya menyuguhkan taman rindang asri taman jalan gentengkali juga punya fasilitas penunjang berupa perpustakaan sisi barat perpustakaan dikelola dinas perpustakaan kearsipan surabaya tersebut memiliki 3412 koleksi buku bukubuku ada perpustakaan sangat lengkap baru cetakan 2009 sampai terbaru 2019 mulai buku bahasa filsafat psikologi agama matematika ilmu alam ilmu sosial keluarga teknologi seni sastra geografis sejarah hingga bacaan anakanak
408,Kebun Binatang Surabaya,"Kebun Binatang Surabaya (KBS) (Dialek Arekan: Kebon Binatang Suroboyo) adalah salah satu kebun binatang yang populer di Indonesia dan terletak di Surabaya. KBS merupakan kebun binatang yang pernah terlengkap se-Asia Tenggara, di dalamnya terdapat lebih dari 981 spesies satwa yang berbeda yang terdiri lebih dari 2.806 binatang. Termasuk di dalamnya satwa langka Indonesia maupun dunia terdiri dari Mamalia, Aves, Reptilia, dan Pisces.",Cagar Alam,Surabaya,15000,4.3,180.0,"{'lat': -7.295954599999999, 'lng': 112.7366094}",-7.2959546,112.7366094,,408.0,kebun binatang surabaya kbs dialek arekan kebon binatang suroboyo salah satu kebun binatang populer indonesia terletak surabaya kbs merupakan kebun binatang pernah terlengkap seasia tenggara dalamnya terdapat lebih 981 spesies satwa berbeda terdiri lebih 2806 binatang termasuk dalamnya satwa langka indonesia maupun dunia terdiri mamalia aves reptilia pisces
409,Rumah Batik,"Di rumah batik ini terdapat sekitar 2000 lembar batik yang memiliki ragam corak yang beraneka macam. Aneka batik tersebut terbuat dari berbagai macam jenis bahan yaitu seperti prima, primis, santio, sutra, prishmina dan sarimpit. Tidak hanya kain batik saja yang dapat anda temukan di rumah batik ini melainkan juga ada sarung batik, baju batik, celana batik, rok batik, selendang batik, dan lain sebagainya. Untuk anda yang ingin segera mengunjungi rumah batik di Surabaya ini maka berikut informasi alamat dari rumah batik itu sendiri. Jadi rumah batik tersebut pada mulanya terletak di jalan tambak, dukuh 1, no.4, rt.01, rw.09, kelurahan kapasari, kecamatan genteng, Surabaya. Di tempat ini anda akan melihat berbagai macam batik yang di pajang yaitu mulai dari batik Surabaya, bangkalan, sidoarjo, sumenep, mojokerto, ponorogo, tuban, jombang, dan bojonegoro. Karena koleksi yang di miliki di rumah batik Surabaya ini sangat beragam tentu saja membuat banyak pengunjung yang ingin datang ke lokasi ini. Setelah itu rumah batik ini di pindah di lokasi jalan margorejo, no. 143, Surabaya.",Budaya,Surabaya,0,4.5,15.0,"{'lat': -7.278735999999999, 'lng': 112.718453}",-7.278736,112.718453,,409.0,rumah batik terdapat sekitar 2000 lembar batik memiliki ragam corak beraneka macam aneka batik tersebut terbuat berbagai macam jenis bahan yaitu seperti prima primis santio sutra prishmina sarimpit tidak hanya kain batik saja dapat anda temukan rumah batik melainkan juga ada sarung batik baju batik celana batik rok batik selendang batik lain sebagainya anda ingin segera mengunjungi rumah batik surabaya maka berikut informasi alamat rumah batik sendiri jadi rumah batik tersebut pada mulanya terletak jalan tambak dukuh 1 no4 rt01 rw09 kelurahan kapasari kecamatan genteng surabaya tempat anda akan melihat berbagai macam batik pajang yaitu mulai batik surabaya bangkalan sidoarjo sumenep mojokerto ponorogo tuban jombang bojonegoro karena koleksi miliki rumah batik surabaya sangat beragam tentu saja membuat banyak pengunjung ingin datang lokasi setelah rumah batik pindah lokasi jalan margorejo no 143 surabaya
410,Ciputra Waterpark,"Ciputra Waterpark Surabaya – Bermain air di waterpark memang bisa menjadi alternatif rekreasi kaum urban di berbagai kota besar. Tidak hanya Jakarta, Surabaya sebagai salah satu kota metropolis di Indonesia juga sudah mulai bergeliat membangun tempat rekreasi keluarga. Salah satunya waterpark yang bisa menjadi tujuan wisata keluarga adalah Ciputra Waterpark Surabaya. Berlokasi di Waterpark Boulevard, Citraland “The Singapore of Surabaya”, Surabaya, waterpark yang berdiri di areal seluas 5 hektar menawarkan beragam aktivitas dan atraksi menarik. Tidak salah jika waterpark yang satu ini mengklaim sebagai water attraction terbesar Indonesia.",Taman Hiburan,Surabaya,95000,4.3,90.0,"{'lat': -7.2861707, 'lng': 112.6333338}",-7.2861707,112.6333338,,410.0,ciputra waterpark surabaya bermain air waterpark memang bisa menjadi alternatif rekreasi kaum urban berbagai besar tidak hanya jakarta surabaya salah satu metropolis indonesia juga sudah mulai bergeliat membangun tempat rekreasi keluarga salah satunya waterpark bisa menjadi tujuan wisata keluarga ciputra waterpark surabaya berlokasi waterpark boulevard citraland the singapore of surabaya surabaya waterpark berdiri areal seluas 5 hektar menawarkan beragam aktivitas atraksi menarik tidak salah jika waterpark satu mengklaim water attraction terbesar indonesia
411,Masjid Muhammad Cheng Hoo,"Masjid Cheng Hoo Surabaya adalah Masjid bernuansa Muslim Tionghoa yang berlokasi di Jalan Gading, Ketabang, Genteng, Surabaya atau 1.000 m utara Gedung Balaikota Surabaya. Masjid ini didirikan atas prakarsa para sespuh, penasehat, pengurus PITI, dan pengurus Yayasan Haji Muhammad Cheng Ho Indonesia Jawa Timur serta tokoh masyarakat Tionghoa di Surabaya. Pembangunan masjid ini diawali dengan peletakkan batu pertama 15 Oktober 2001 bertepatan dengan Isra' Mi'raj Nabi Muhammad SAW. Sedangkan pembangunannya baru dilaksanakan 10 Maret 2002 dan baru diresmikan pada 13 Oktober 2002. Masjid Cheng Ho, atau juga dikenal dengan nama Masjid Muhammad Cheng Ho Surabaya, ialah bangunan masjid yang menyerupai kelenteng (rumah ibadah umat Tri Dharma). Gedung ini terletak di areal komplek gedung serba guna PITI (Pembina Imam Tauhid Islam) Jawa Timur Jalan Gading No.2 (Belakang Taman Makam Pahlawan Kusuma Bangsa), Surabaya. Masjid ini didominasi warna merah, hijau, dan kuning. Ornamennya kental nuansa Tiongkok lama. Pintu masuknya menyerupai bentuk pagoda, terdapat juga relief naga dan patung singa dari lilin dengan lafaz Allah dalam huruf Arab di puncak pagoda. Di sisi kiri bangunan terdapat sebuah beduk sebagai pelengkap bangunan masjid.Selain Surabaya di Palembang juga telah ada masjid serupa dengan nama Masjid Cheng Ho Palembang atau Masjid Al Islam Muhammad Cheng Hoo Sriwijaya Palembang. Nama masjid ini merupakan bentuk penghormatan pada Cheng Ho, Laksamana asal Cina yang beragama Islam. Dalam perjalanannya di kawasan Asia Tenggara, Cheng Ho bukan hanya berdagang dan menjalin persahabatan, juga menyebarkan agama Islam.",Tempat Ibadah,Surabaya,0,4.7,,"{'lat': -7.252275399999999, 'lng': 112.7468796}",-7.2522754,112.7468796,,411.0,masjid cheng hoo surabaya masjid bernuansa muslim tionghoa berlokasi jalan gading ketabang genteng surabaya atau 1000 m utara gedung balaikota surabaya masjid didirikan atas prakarsa para sespuh penasehat pengurus piti pengurus yayasan haji muhammad cheng ho indonesia jawa timur serta tokoh masyarakat tionghoa surabaya pembangunan masjid diawali peletakkan batu pertama 15 oktober 2001 bertepatan isra miraj nabi muhammad saw sedangkan pembangunannya baru dilaksanakan 10 maret 2002 baru diresmikan pada 13 oktober 2002 masjid cheng ho atau juga dikenal nama masjid muhammad cheng ho surabaya ialah bangunan masjid menyerupai kelenteng rumah ibadah umat tri dharma gedung terletak areal komplek gedung serba guna piti pembina imam tauhid islam jawa timur jalan gading no2 belakang taman makam pahlawan kusuma bangsa surabaya masjid didominasi warna merah hijau kuning ornamennya kental nuansa tiongkok lama pintu masuknya menyerupai bentuk pagoda terdapat juga relief naga patung singa lilin lafaz allah dalam huruf arab puncak pagoda sisi kiri bangunan terdapat beduk pelengkap bangunan masjidselain surabaya palembang juga telah ada masjid serupa nama masjid cheng ho palembang atau masjid al islam muhammad cheng hoo sriwijaya palembang nama masjid merupakan bentuk penghormatan pada cheng ho laksamana asal cina beragama islam dalam perjalanannya kawasan asia tenggara cheng ho bukan hanya berdagang menjalin persahabatan juga menyebarkan agama islam
412,Masjid Nasional Al-Akbar,"Masjid Nasional Al Akbar (atau biasa disebut Masjid Agung Surabaya) ialah masjid terbesar kedua di Indonesia yang berlokasi di Kota Surabaya, Jawa Timur setelah Masjid Istiqlal di Jakarta. Posisi masjid ini berada di wilayah Kelurahan Pagesangan, Kecamatan Jambangan, Surabaya dan tepat di samping Jalan Tol Surabaya-Gempol. Ciri yang mudah dilihat adalah kubahnya yang besar didampingi 4 kubah kecil yang berwarna biru. Serta memiliki satu menara yang tingginya 99 meter. Masjid Nasional Al-Akbar Surabaya dibangun sejak tanggal 4 Agustus 1995, atas gagasan Wali Kota Surabaya saat itu, H. Soenarto Soemoprawiro. Pembangunan Masjid ini ditandai dengan peletakan batu pertama oleh Wakil Presiden RI Try Sutrisno. Namun karena krisis moneter pembangunannya dihentikan sementara waktu. Tahun 1999, masjid ini dibangun lagi dan selesai tahun 2001. Pada 10 November 2000, Masjid ini diresmikan oleh Presiden RI KH. Abdurrahman Wahid.",Tempat Ibadah,Surabaya,0,4.9,,"{'lat': -7.336614099999998, 'lng': 112.7151806}",-7.3366141,112.7151806,,412.0,masjid nasional al akbar atau biasa disebut masjid agung surabaya ialah masjid terbesar kedua indonesia berlokasi surabaya jawa timur setelah masjid istiqlal jakarta posisi masjid berada wilayah kelurahan pagesangan kecamatan jambangan surabaya tepat samping jalan tol surabayagempol ciri mudah dilihat kubahnya besar didampingi 4 kubah kecil berwarna biru serta memiliki satu menara tingginya 99 meter masjid nasional alakbar surabaya dibangun sejak tanggal 4 agustus 1995 atas gagasan wali surabaya saat h soenarto soemoprawiro pembangunan masjid ditandai peletakan batu pertama oleh wakil presiden ri try sutrisno namun karena krisis moneter pembangunannya dihentikan sementara waktu tahun 1999 masjid dibangun lagi selesai tahun 2001 pada 10 november 2000 masjid diresmikan oleh presiden ri kh abdurrahman wahid
413,Museum TNI AL Loka Jala Crana,"Museum Loka Jala Crana berdiri pada tanggal 19 September 1969 oleh Ibu R. Mulyadi, isteri panglima Angkatan Laut Laksamana R. Moeljadi, dengan nama Museum Akabri Laut. Pada tahun 1973, tepatnya pada tanggal 10 Juli 1973, statusnya ditingkatkan menjadi Museum TNI Angkatan Laut. Selanjutnya tanggal 6 Oktober 1979 namanya berubah kembali menjadi Museum TNI Angkatan Laut Loka Jala Crana. Loka jala Crana berarti tempat untuk menyimpan, mengabadikan dan menyajikan peralatan atau sarana yang dipergunakan oleh TNI Angkatan Laut. Di dalam museum ini terdapat beberapa koleksi peralatan pertempuran Angkatan Laut, disamping itu juga satu koleksi berupa planetarium dan astronavigasi. Museum ini menyuguhkan dan menyelamatkan objek benda-benda bersejarah yang pernah dimiliki serta dipakai oleh prajurit-prajurit TNI Angkatan Laut sejak dari zaman revolusi fisik hingga saat ini, di antaranya berupa berbagai jenis meriam kapal perang, pesawat, helikopter, artileri medan, replica KRI Dewaruci. Ada juga benda bersejarah lain seperti meriam kapal ""HRMS De Zeven Provencien“.",Budaya,Surabaya,2000,4.5,,"{'lat': -7.227185, 'lng': 112.718997}",-7.227185,112.718997,,413.0,museum loka jala crana berdiri pada tanggal 19 september 1969 oleh ibu r mulyadi isteri panglima angkatan laut laksamana r moeljadi nama museum akabri laut pada tahun 1973 tepatnya pada tanggal 10 juli 1973 statusnya ditingkatkan menjadi museum tni angkatan laut selanjutnya tanggal 6 oktober 1979 namanya berubah kembali menjadi museum tni angkatan laut loka jala crana loka jala crana berarti tempat menyimpan mengabadikan menyajikan peralatan atau sarana dipergunakan oleh tni angkatan laut dalam museum terdapat beberapa koleksi peralatan pertempuran angkatan laut disamping juga satu koleksi berupa planetarium astronavigasi museum menyuguhkan menyelamatkan objek bendabenda bersejarah pernah dimiliki serta dipakai oleh prajuritprajurit tni angkatan laut sejak zaman revolusi fisik hingga saat antaranya berupa berbagai jenis meriam kapal perang pesawat helikopter artileri medan replica kri dewaruci ada juga benda bersejarah lain seperti meriam kapal hrms de zeven provencien
414,Jembatan Merah,"Jembatan Merah merupakan salah satu monumen sejarah di Surabaya, Jawa Timur yang dibiarkan seperti adanya: sebagai jembatan. Jembatan yang menjadi salah satu judul lagu ciptaan Gesang ini, semasa zaman VOC dahulu dinilai penting karena menjadi sarana perhubungan paling vital melewati Kalimas menuju Gedung Karesidenan Surabaya, yang sudah tidak berbekas lagi.\nKawasan Jembatan Merah merupakan daerah perniagaan yang mulai berkembang sebagai akibat dari Perjanjian Paku Buwono II dari Mataram dengan VOC pada 11 November 1743. Dalam perjanjian itu sebagian daerah pantai utara, termasuk Surabaya, diserahkan penguasaannya kepada VOC. Sejak saat itulah Surabaya berada sepenuhnya dalam kekuasaan Belanda. Kini, posisinya sebagai pusat perniagaan terus berlangsung. Di sekitar jembatan terdapat indikator-indikator ekonomi, termasuk salah satunya Plaza Jembatan Merah.\nPerubahan fisiknya terjadi sekitar tahun 1890-an, ketika pagar pembatasnya dengan sungai diubah dari kayu menjadi besi. Kini kondisi jembatan yang menghubungkan Jalan Rajawali dan Jalan Kembang Jepun di sisi utara Surabaya itu, hampir sama persis dengan jembatan lainnya. Pembedanya hanyalah warna merah.",Budaya,Surabaya,0,4.5,30.0,"{'lat': -7.2367447, 'lng': 112.7383009}",-7.2367447,112.7383009,,414.0,jembatan merah merupakan salah satu monumen sejarah surabaya jawa timur dibiarkan seperti adanya jembatan jembatan menjadi salah satu judul lagu ciptaan gesang semasa zaman voc dahulu dinilai penting karena menjadi sarana perhubungan paling vital melewati kalimas menuju gedung karesidenan surabaya sudah tidak berbekas laginkawasan jembatan merah merupakan daerah perniagaan mulai berkembang akibat perjanjian paku buwono ii mataram voc pada 11 november 1743 dalam perjanjian sebagian daerah pantai utara termasuk surabaya diserahkan penguasaannya kepada voc sejak saat itulah surabaya berada sepenuhnya dalam kekuasaan belanda kini posisinya pusat perniagaan terus berlangsung sekitar jembatan terdapat indikatorindikator ekonomi termasuk salah satunya plaza jembatan merahnperubahan fisiknya terjadi sekitar tahun 1890an ketika pagar pembatasnya sungai diubah kayu menjadi besi kini kondisi jembatan menghubungkan jalan rajawali jalan kembang jepun sisi utara surabaya hampir sama persis jembatan lainnya pembedanya hanyalah warna merah
415,Museum De Javasche Bank,"Museum Bank Indonesia (Bahasa Indonesia: Museum Bank Indonesia) adalah museum bank yang terletak di Surabaya, Indonesia. Secara resmi didirikan oleh Bank Indonesia dan dibuka pada 27 Januari 2012 setelah direstorasi. Museum ini menempati gedung yang dulunya bernama De Javasche Bank, bank sentral Hindia Belanda. Setelah Kemerdekaan Indonesia gedung ini terus berfungsi sebagai kantor cabang Bank Indonesia di Surabaya hingga tahun 1973. Museum tutup pada hari Senin dan hari libur nasional. Tidak ada biaya masuk.",Budaya,Surabaya,5000,4.6,60.0,"{'lat': -7.2353939, 'lng': 112.7367646}",-7.2353939,112.7367646,,415.0,museum bank indonesia bahasa indonesia museum bank indonesia museum bank terletak surabaya indonesia secara resmi didirikan oleh bank indonesia dibuka pada 27 januari 2012 setelah direstorasi museum menempati gedung dulunya bernama de javasche bank bank sentral hindia belanda setelah kemerdekaan indonesia gedung terus berfungsi kantor cabang bank indonesia surabaya hingga tahun 1973 museum tutup pada hari senin hari libur nasional tidak ada biaya masuk
416,Keraton Surabaya,"Kawasan yang berjuluk Kampung Keraton ini terdiri dari empat gang. Gang ini rata-rata berukuran sempit, lebarnya 2 hingga 3 meter. Saking sempitnya, pengendara sepeda motor terkadang turun dari kendaraan dan harus berjalan kaki. Sementara, panjang jalan sekitar 200 meter. Memang, tak banyak sisa peninggalan Keraton Surabaya ini. Yang tampak kini adalah sisa bangunan peninggalan kolonial Belanda. Kampung Keraton saat ini merupakan salah satu kawasan perdagangan yang sangat ramai di Surabaya, utamanya di Jalan Kramat Gantung. Segala macam kebutuhan rumah tangga dijual di jalan ini.",Budaya,Surabaya,0,4.4,,"{'lat': -7.256755299999998, 'lng': 112.7942203}",-7.2567553,112.7942203,,416.0,kawasan berjuluk kampung keraton terdiri empat gang gang ratarata berukuran sempit lebarnya 2 hingga 3 meter saking sempitnya pengendara sepeda motor terkadang turun kendaraan harus berjalan kaki sementara panjang jalan sekitar 200 meter memang tak banyak sisa peninggalan keraton surabaya tampak kini sisa bangunan peninggalan kolonial belanda kampung keraton saat merupakan salah satu kawasan perdagangan sangat ramai surabaya utamanya jalan kramat gantung segala macam kebutuhan rumah tangga dijual jalan
417,Klenteng Sanggar Agung,"Kelenteng Sanggar Agung atau Klenteng Hong San Tang adalah sebuah klenteng di Kota Surabaya. Alamatnya berada di Jalan Sukolilo Nomor 100, Pantai Ria Kenjeran, Surabaya. Kuil ini, selain menjadi tempat ibadah bagi pemeluk Tridharma, juga menjadi tempat tujuan wisata bagi para wisatawan. Klenteng ini dibuka pada tahun 1999.\nCiri khas dari klenteng ini adalah sebuah patung Kwan Im setinggi 20 meter yang terletak di tepi laut. Klenteng ini dipersembahkan kepada Nan Hai Guan Shi Yin Pu Sa atau Bodhisatwa Kwan Im Laut Selatan. Patung ini dibangun setelah seorang karyawan Sanggar Agung melihat sesosok wanita berjubah putih berjalan di atas air pada saat ia sedang menutup Klenteng di malam hari. Penampakan tersebut dipercaya sebagai penampakan Kwan Im sendiri. Ikon lain dari Sanggar Agung adalah patung Phra Phrom raksasa berlapis emas.",Budaya,Surabaya,10000,4.5,,"{'lat': -7.246944, 'lng': 112.802222}",-7.246944,112.802222,,417.0,kelenteng sanggar agung atau klenteng hong san tang klenteng surabaya alamatnya berada jalan sukolilo nomor 100 pantai ria kenjeran surabaya kuil selain menjadi tempat ibadah bagi pemeluk tridharma juga menjadi tempat tujuan wisata bagi para wisatawan klenteng dibuka pada tahun 1999nciri khas klenteng patung kwan im setinggi 20 meter terletak tepi laut klenteng dipersembahkan kepada nan hai guan shi yin pu sa atau bodhisatwa kwan im laut selatan patung dibangun setelah seorang karyawan sanggar agung melihat sesosok wanita berjubah putih berjalan atas air pada saat ia sedang menutup klenteng malam hari penampakan tersebut dipercaya penampakan kwan im sendiri ikon lain sanggar agung patung phra phrom raksasa berlapis emas
418,Museum Sepuluh Nopember Kota Surabaya,"Museum Sepuluh November Surabaya adalah salah satu museum yang terletak di Kota Surabaya, dibangun pada tahun 1945. Museum ini dibangun dengan tujuan untuk mempelajari dan memperdalam peristiwa Pertempuran Sepuluh November 1945, Museum Sepuluh November beralamat di Jalan Pahlawan, Surabaya.",Budaya,Surabaya,5000,4.7,,"{'lat': -7.245436900000001, 'lng': 112.7378985}",-7.2454369,112.7378985,,418.0,museum sepuluh november surabaya salah satu museum terletak surabaya dibangun pada tahun 1945 museum dibangun tujuan mempelajari memperdalam peristiwa pertempuran sepuluh november 1945 museum sepuluh november beralamat jalan pahlawan surabaya
419,Monumen Tugu Pahlawan,"Tugu Pahlawan (bahasa Indonesia: Tugu Pahlawan) adalah sebuah monumen di Surabaya, Indonesia. Itu adalah lambang utama kota yang didedikasikan untuk orang-orang yang tewas dalam Pertempuran Surabaya pada 10 November 1945. Museum 10 November terletak di bawah monumen. Monumen ini memiliki tinggi 41,15 meter dan berbentuk lingga. Dibangun untuk memperingati peristiwa 10 November 1945 di Pertempuran Surabaya. Itu adalah tempat setiap 10 November untuk memperingati peristiwa 1945, ketika banyak pahlawan tewas dalam perang kemerdekaan. Peletakan batu pertama dipimpin oleh Soekarno, Presiden Indonesia pertama, didampingi Walikota Surabaya, Doel Arnowo pada 10 November 1951. Diresmikan setahun kemudian, juga oleh Soekarno, pada 10 November 1952 disaksikan oleh Walikota Surabaya, R. Moestadjab Soemowidigdo. Museum 10 November dibangun untuk menjelaskan makna di balik Tugu Pahlawan. Bangunannya terdiri dari 2 lantai, dengan pameran yang melambangkan semangat perjuangan masyarakat Surabaya. Ada auditorium di lantai satu. Museum ini berisi reproduksi foto-foto dokumenter, dan terdapat diorama yang menyajikan delapan peristiwa yang terjadi sekitar bentrokan 10 November 1945.",Budaya,Surabaya,0,4.7,30.0,"{'lat': -7.246925999999999, 'lng': 112.73781}",-7.246926,112.73781,,419.0,tugu pahlawan bahasa indonesia tugu pahlawan monumen surabaya indonesia lambang utama didedikasikan orangorang tewas dalam pertempuran surabaya pada 10 november 1945 museum 10 november terletak bawah monumen monumen memiliki tinggi 4115 meter berbentuk lingga dibangun memperingati peristiwa 10 november 1945 pertempuran surabaya tempat setiap 10 november memperingati peristiwa 1945 ketika banyak pahlawan tewas dalam perang kemerdekaan peletakan batu pertama dipimpin oleh soekarno presiden indonesia pertama didampingi walikota surabaya doel arnowo pada 10 november 1951 diresmikan setahun kemudian juga oleh soekarno pada 10 november 1952 disaksikan oleh walikota surabaya r moestadjab soemowidigdo museum 10 november dibangun menjelaskan makna balik tugu pahlawan bangunannya terdiri 2 lantai pameran melambangkan semangat perjuangan masyarakat surabaya ada auditorium lantai satu museum berisi reproduksi fotofoto dokumenter terdapat diorama menyajikan delapan peristiwa terjadi sekitar bentrokan 10 november 1945
420,Surabaya Museum (Gedung Siola),"Saat ini Museum Surabaya Siola menjelma menjadi sebuah destinasi wisata sejarah yang unik dan menarik untuk dikunjungi. Bukan hanya menyuguhkan cerita masa lampau yang ditampilkan dengan berbagai macam bentuk, Museum Surabaya Siola juga menjadi tempat incaran untuk berburu foto. Bagi pengunjung yang ingin mendatangi Museum Surabaya Siola ini maka tidak harus membayar tiket masuk alias gratis. Siapa saja boleh masuk kedalam Museum Surabaya Siola, karena tempat ini terbuka untuk semua kalangan mulai dari anak-anak sampai dewasa. Manjajal Museum Surabaya untuk dijadikan sebagai destinasi wisata akhir pekanmu sepertinya tidak ada salahnya. Selain bisa mempelajari sejarah Kota Pahlawan, kamu pun akan mendapatkan ilmu pengetahuan yang bermanfaat.",Budaya,Surabaya,0,4.5,45.0,"{'lat': -7.256297200000001, 'lng': 112.7379955}",-7.2562972,112.7379955,,420.0,saat museum surabaya siola menjelma menjadi destinasi wisata sejarah unik menarik dikunjungi bukan hanya menyuguhkan cerita masa lampau ditampilkan berbagai macam bentuk museum surabaya siola juga menjadi tempat incaran berburu foto bagi pengunjung ingin mendatangi museum surabaya siola maka tidak harus membayar tiket masuk alias gratis siapa saja boleh masuk kedalam museum surabaya siola karena tempat terbuka semua kalangan mulai anakanak sampai dewasa manjajal museum surabaya dijadikan destinasi wisata akhir pekanmu sepertinya tidak ada salahnya selain bisa mempelajari sejarah pahlawan kamu pun akan mendapatkan ilmu pengetahuan bermanfaat
421,Museum Kesehatan Dr. Adhyatma,"Museum Kesehatan Dr. Adhyatma, MPH adalah museum kesehatan yang dirintis Pemerintah indonesia melalui Departemen Kesehatan pada tanggal 16 Desember 2003. Museum Kesehatan Puslitbang Pelayanan dan Tehnologi kesehatan (PUSLITBANG YANTEKKES) diresmikan oleh Menteri Kesehatan pada tanggal 14 September 2004, sehingga diberi nama Museum Kesehatan Dr. Adhyatma, MPH.Museum Kesehatan Dr. Adhyatma, MPH, berlokasi di Jl. Indrapura 17 Surabaya Jawa Timur.",Budaya,Surabaya,10000,4.4,,"{'lat': -7.240327999999999, 'lng': 112.731431}",-7.240328,112.731431,,421.0,museum kesehatan dr adhyatma mph museum kesehatan dirintis pemerintah indonesia melalui departemen kesehatan pada tanggal 16 desember 2003 museum kesehatan puslitbang pelayanan tehnologi kesehatan puslitbang yantekkes diresmikan oleh menteri kesehatan pada tanggal 14 september 2004 sehingga diberi nama museum kesehatan dr adhyatma mphmuseum kesehatan dr adhyatma mph berlokasi jl indrapura 17 surabaya jawa timur
422,Monumen Jalesveva Jayamahe,"Monumen Jalesveva Jayamahe atau Monjaya adalah sebuah monumen yang terletak di Kota Surabaya, Jawa Timur. Monumen ini menggambarkan sosok Perwira TNI Angkatan Laut berbusana Pakaian Dinas Upacara (PDU) lengkap dengan pedang kehormatan yang sedang menerawang ke arah laut, serasa siap menantang gelombang dan badai di lautan, begitu pula yang ingin di perlihatkan bahwa angkatan laut Indonesia siap berjaya. Patung tersebut berdiri di atas bangunan dan tingginya mencapai 30,6 meter. Monumen Jalesveva Jayamahe menggambarkan generasi penerus bangsa yang yakin dan optimis untuk mencapai cita-cita bangsa Indonesia.Monumen Jalesveva Jayamahe ini juga sesuai dengan motto angkatan laut Jalesveva Jayamahe yang berarti, Di Laut Kita Berjaya. Monumen ini dibangun pada tahun 1993 oleh Pemimpin Kepala Staf TNI Angkatan Laut Maritim Indonesia yang kemudian dilanjutkan dengan Laksamana TNI Muhamad Arifin dan dirancang oleh I Nyoman Nuarta. Selain sebagai monumen, bangunan ini juga difungsikan sebagai mercusuar bagi kapal-kapal yang ada di laut sekitar.",Budaya,Surabaya,0,4.6,15.0,"{'lat': -7.195474799999999, 'lng': 112.7395206}",-7.1954748,112.7395206,,422.0,monumen jalesveva jayamahe atau monjaya monumen terletak surabaya jawa timur monumen menggambarkan sosok perwira tni angkatan laut berbusana pakaian dinas upacara pdu lengkap pedang kehormatan sedang menerawang arah laut serasa siap menantang gelombang badai lautan begitu pula ingin perlihatkan bahwa angkatan laut indonesia siap berjaya patung tersebut berdiri atas bangunan tingginya mencapai 306 meter monumen jalesveva jayamahe menggambarkan generasi penerus bangsa yakin optimis mencapai citacita bangsa indonesiamonumen jalesveva jayamahe juga sesuai motto angkatan laut jalesveva jayamahe berarti laut kita berjaya monumen dibangun pada tahun 1993 oleh pemimpin kepala staf tni angkatan laut maritim indonesia kemudian dilanjutkan laksamana tni muhamad arifin dirancang oleh i nyoman nuarta selain monumen bangunan juga difungsikan mercusuar bagi kapalkapal ada laut sekitar
423,Patung Sura dan Buaya,Patung Sura dan Baya (Jawa: Patung Suro lan Boyo) adalah sebuah patung yang merupakan lambang kota Surabaya. Patung ini berada di depan Kebun Binatang Surabaya. Patung ini terdiri atas dua hewan ini yang menjadi inspirasi nama kota Surabaya: ikan sura (hiu) dan baya (buaya).,Budaya,Surabaya,0,4.6,30.0,"{'lat': -7.296049199999999, 'lng': 112.7387012}",-7.2960492,112.7387012,,423.0,patung sura baya jawa patung suro lan boyo patung merupakan lambang surabaya patung berada depan kebun binatang surabaya patung terdiri atas dua hewan menjadi inspirasi nama surabaya ikan sura hiu baya buaya
424,Pantai Ria Kenjeran,"Obyek wisata Pantai Ria Kenjeran Surabaya merupakan salah satu destinasi wisata ketika mengujungi kota Surabaya. Pantai ini termasuk salah satu wisata andalan kota Surabaya yang selalu ramai pengunjung. Lokasi Pantai Ria Kenjeran terletak di Kecamatan Kenjeran Timur Surabaya, Propinsi Jawa Timur. Kawasan Pantai Ria Kenjeran ini sudah terkenal dengan berbagai wahana dan tempat rekreasi keluarga khususnya bagi warga Kenjeran. Pantai yang juga mendapatkan julukan sebagai Kenpark ini berdekatan dengan Jembatan Suramadu. Pantai Kenjeran biasanya dimanfaatkan masyarakat sekitar untuk melepas penat dari rutinitas setiap hari. Banyak juga wisatawan yang juga berwisata ke pantai ini. Pantai yang terletak tak begitu jauh dari pusat Kota Surabaya ini juga buka setiap hari selama 24 jam, jadi tidak perlu khawatir jika Anda ingin berkunjung kapan saja. Pantai ini memiliki fasilitas yang cukup lengkap, seperti arena bermain untuk anak yang disebut Kya kya Seaside, ada juga Pagoda Tuan Ti, jembatan kayu dengan gazebo untuk bersantai dan foto. Ada juga waterpark dan area bermain anak di sekitar pantai ini. Juga terdapat persewaan perahu yang dapat dinaiki oleh para pengunjung untuk menikmati keindahan Pantai Ria Kenjeran dari area pesisir laut dengan tarif sekitar Rp 5.000,-.",Bahari,Surabaya,15000,4.2,45.0,"{'lat': -7.250916399999999, 'lng': 112.8009332}",-7.2509164,112.8009332,,424.0,obyek wisata pantai ria kenjeran surabaya merupakan salah satu destinasi wisata ketika mengujungi surabaya pantai termasuk salah satu wisata andalan surabaya selalu ramai pengunjung lokasi pantai ria kenjeran terletak kecamatan kenjeran timur surabaya propinsi jawa timur kawasan pantai ria kenjeran sudah terkenal berbagai wahana tempat rekreasi keluarga khususnya bagi warga kenjeran pantai juga mendapatkan julukan kenpark berdekatan jembatan suramadu pantai kenjeran biasanya dimanfaatkan masyarakat sekitar melepas penat rutinitas setiap hari banyak juga wisatawan juga berwisata pantai pantai terletak tak begitu jauh pusat surabaya juga buka setiap hari selama 24 jam jadi tidak perlu khawatir jika anda ingin berkunjung kapan saja pantai memiliki fasilitas cukup lengkap seperti arena bermain anak disebut kya kya seaside ada juga pagoda tuan ti jembatan kayu gazebo bersantai foto ada juga waterpark area bermain anak sekitar pantai juga terdapat persewaan perahu dapat dinaiki oleh para pengunjung menikmati keindahan pantai ria kenjeran area pesisir laut tarif sekitar rp 5000
425,Waterpark Kenjeran Surabaya,"Waterpark Kenjeran Surabaya merupakan wisata keluarga dengan permainan air dan olahraga renang. Terdapat berbagai wahana menarik bagi keluarga dan anak-anak. Berlokasi tidak jauh dari kawasan wisata pantai kenjeran dan Atlantis Land Kenjeran. Suasana pepohonan di sekitar area kolam renang memberikan kesan yang teduh di kolam. Terdapat bangunan dengan bentuk istana negeri dongeng yang menghiasi. Dengan warna-warni khas buku cerita anak.",Taman Hiburan,Surabaya,35000,4.1,,"{'lat': -7.247796300000002, 'lng': 112.7998235}",-7.2477963,112.7998235,,425.0,waterpark kenjeran surabaya merupakan wisata keluarga permainan air olahraga renang terdapat berbagai wahana menarik bagi keluarga anakanak berlokasi tidak jauh kawasan wisata pantai kenjeran atlantis land kenjeran suasana pepohonan sekitar area kolam renang memberikan kesan teduh kolam terdapat bangunan bentuk istana negeri dongeng menghiasi warnawarni khas buku cerita anak
426,Balai Kota Surabaya,"Surabaya sebagai Resort Gemeente (Haminte) secara resmi mulai berdiri pada tanggal 1 April 1906. Sebelumnya Surabaya merupakan bagian dari karesidenan Pemerintah Haminte dijalankan oleh Dewan Haminte yang diketuai oleh asisten residen sebagai Kepala Daerah.\nTahun 1916 diangkat Wali kota Surabaya pertama, A. Meyroos yang bertugas sampai tahun 1921. Baru setelah wali kota yang kedua, G.J. DIJKERMAN, terpilih, rencana membangun gedung Balai Kota diwujudkan.\nGedung utama Balai Kota di Taman Surya di daerah Ketabang itu mulai dibangun pada tahun 1923 dan mulai ditempati pada tahun 1927. Arsiteknya ialah C. Citroen dan pelaksanaannya H.V. Hollandsche Beton Mij. Biaya seluruhnya, termasuk perlengkapan dan lain-lainnya, menghabiskan dana sekitar 1000 gulden.\n\nUkuran gedung utama: panjang 102 m dan lebar 19 m. Konstruksinya terdiri dari tiang-tiang pancang beton bertulang yang ditanam, sedangkan dinding-dindingnya diisi dengan bata dan semen. Atapnya terbuat dari rangka besi dan ditutup dengan sirap, Belakangan atap ini kemudian diganti dengan genteng.\nSetelah Republik Indonesia diproklamirkan, dilantiklah Radjamin Nasution sebagai Wali kota Kota Besar Surabaya. Berdasarkan Penpres 1959 No. 16 maka ditetapkan Wali kota menjadi Kepala Daerah Kota Surabaya. Tahun 1965 Kotapraja Surabaya resmi menjadi Kotamadya.",Budaya,Surabaya,0,4.7,60.0,"{'lat': -7.2592948, 'lng': 112.7470512}",-7.2592948,112.7470512,,426.0,surabaya resort gemeente haminte secara resmi mulai berdiri pada tanggal 1 april 1906 sebelumnya surabaya merupakan bagian karesidenan pemerintah haminte dijalankan oleh dewan haminte diketuai oleh asisten residen kepala daerahntahun 1916 diangkat wali surabaya pertama a meyroos bertugas sampai tahun 1921 baru setelah wali kedua gj dijkerman terpilih rencana membangun gedung balai diwujudkanngedung utama balai taman surya daerah ketabang mulai dibangun pada tahun 1923 mulai ditempati pada tahun 1927 arsiteknya ialah c citroen pelaksanaannya hv hollandsche beton mij biaya seluruhnya termasuk perlengkapan lainlainnya menghabiskan dana sekitar 1000 guldennnukuran gedung utama panjang 102 m lebar 19 m konstruksinya terdiri tiangtiang pancang beton bertulang ditanam sedangkan dindingdindingnya diisi bata semen atapnya terbuat rangka besi ditutup sirap belakangan atap kemudian diganti gentengnsetelah republik indonesia diproklamirkan dilantiklah radjamin nasution wali besar surabaya berdasarkan penpres 1959 no 16 maka ditetapkan wali menjadi kepala daerah surabaya tahun 1965 kotapraja surabaya resmi menjadi kotamadya
427,Patung Buddha Empat Rupa,"Terletak di sudut Pantai Ria Kenjeran, Patung Buddha Empat Rupa ini sering digunakan oleh pemuda-pemudi setempat untuk tempat nongkrong dan berkumpul. Dibangun mulai tahun 2003 dan mempunyai lahan sekitar 1,5 hektare dan berukuran 9×9 meter membuatnya menghabiskan sekitar Rp 4 Milyar dalam pembuatannya. Dan patung ini semakin megah karena dilapisi oleh emas murni yang diimpor langsung dari Thailand. Bangunan ini dikelilingi oleh 4 pilar, yaitu pilar hijau dan pilar emas. Empat wajah yang terdapat di patung ini menggambarkan empat sifat yang baik dari Buddha, yaitu pengasih, murah hati, adil, dan meditasi. Selain melihat patung Buddha ini, jika Kamu berkunjung ke sini maka Kamu akan melihat beberapa patung gajah yang ada di sekeliling patung Buddha ini. Dan menariknya, patung ini dianggap MURI sebagai patung tertinggi di Indonesia.",Budaya,Surabaya,0,4.3,,"{'lat': -7.2472841, 'lng': 112.8010814}",-7.2472841,112.8010814,,427.0,terletak sudut pantai ria kenjeran patung buddha empat rupa sering digunakan oleh pemudapemudi setempat tempat nongkrong berkumpul dibangun mulai tahun 2003 mempunyai lahan sekitar 15 hektare berukuran 99 meter membuatnya menghabiskan sekitar rp 4 milyar dalam pembuatannya patung semakin megah karena dilapisi oleh emas murni diimpor langsung thailand bangunan dikelilingi oleh 4 pilar yaitu pilar hijau pilar emas empat wajah terdapat patung menggambarkan empat sifat baik buddha yaitu pengasih murah hati adil meditasi selain melihat patung buddha jika kamu berkunjung sini maka kamu akan melihat beberapa patung gajah ada sekeliling patung buddha menariknya patung dianggap muri patung tertinggi indonesia
428,Monumen Bambu Runcing Surabaya,"Monumen Bambu Runcing adalah ikon pariwisata Surabaya yang berhubungan dengan situs sejarah perjuangan bangsa. Monumen ini terdiri dari 5 pilar dan memiliki tinggi yang tidak sama dan dibentuk seperti bambu runcing. Sayangnya, tidak ada estimasi yang tepat tentang tinggi pada masing-masing pilar. Pada waktu tertentu, akan ada air yang mengalir keluar dari bambu runcing, layaknya air mancur. Selain itu, monumen ini dikelilingi oleh taman kecil yang penuh dengan beragam tanaman hias. Monumen Bambu Runcing ini terletak di jantung kota Surabaya, di tengah ramainya lalu lintas jalan Panglima Sudirman. Para pengunjung yang datang ke Surabaya akan langsung mengenali keberadaan monumen ini saat melintasinya. Monumen ini juga dekat dengan Kebun Binatang Surabaya, Tunjungan Plaza, Surabaya Plaza dan Tugu Pahlawan Surabaya.",Budaya,Surabaya,0,4.6,15.0,"{'lat': -7.267775500000001, 'lng': 112.7443898}",-7.2677755,112.7443898,,428.0,monumen bambu runcing ikon pariwisata surabaya berhubungan situs sejarah perjuangan bangsa monumen terdiri 5 pilar memiliki tinggi tidak sama dibentuk seperti bambu runcing sayangnya tidak ada estimasi tepat tentang tinggi pada masingmasing pilar pada waktu tertentu akan ada air mengalir keluar bambu runcing layaknya air mancur selain monumen dikelilingi oleh taman kecil penuh beragam tanaman hias monumen bambu runcing terletak jantung surabaya tengah ramainya lalu lintas jalan panglima sudirman para pengunjung datang surabaya akan langsung mengenali keberadaan monumen saat melintasinya monumen juga dekat kebun binatang surabaya tunjungan plaza surabaya plaza tugu pahlawan surabaya
429,House of Sampoerna,"House of Sampoerna adalah sebuah museum tembakau dan markas besar Sampoerna yang terletak di Surabaya. Gaya arsitektur dari bangunan utamanya yang dipengaruhi oleh gaya kolonial Belanda dibangun pada 1862 dan sekarang menjadi situs sejarah. Sebelumnya dipakai sebagai panti asuhan yang diurus oleh Belanda, tempat tersebut dibeli pada 1932 oleh Liem Seeng Tee‚ pendiri Sampoerna‚ dengan tujuan dipakai sebagai fasilitas produksi rokok besar pertama Sampoerna.",Budaya,Surabaya,0,4.6,30.0,"{'lat': -7.230817300000001, 'lng': 112.7342344}",-7.2308173,112.7342344,,429.0,house of sampoerna museum tembakau markas besar sampoerna terletak surabaya gaya arsitektur bangunan utamanya dipengaruhi oleh gaya kolonial belanda dibangun pada 1862 sekarang menjadi situs sejarah sebelumnya dipakai panti asuhan diurus oleh belanda tempat tersebut dibeli pada 1932 oleh liem seeng tee pendiri sampoerna tujuan dipakai fasilitas produksi rokok besar pertama sampoerna
430,Atlantis Land Surabaya,"Sejak diresmikan pada bulan Desember 2017, Atlantis Land Kenjeran Surabaya sudah sukses mendatangkan banyak pengunjung. Taman wisata air ini menjadi taman air terbesar di Kota Surabaya. Lokasinya terletak satu wilayah dengan Kenjeran Park, atau familiar disebut Ken Park. Tepatnya di Jalan Pantai Ria Kenjeran, Sukolilo Baru, Bulak, Surabaya, Jawa Timur. Taman wisata air ini memiliki luas sekitar 15 hektar dengan desain asli milik arsitek Australia. Tema yang diambil untuk taman wisata air ini adalah istana bawah laut. Dengan tema tersebut, gerbang masuk Atlantis Land Kenjeran Surabaya memiliki dinding bangunan utama berwarna biru. Dinding utama tersebut dihiasi dengan garis-garis menyerupai ombak berwarna putih. Atapnya berwarna kuning kecokelatan dan menjulang tinggi bagai istana. Di kedua sisi bangunan utama, terdapat bangunan berdinding cokelat dengan ornamen belahan kayu. Bangunan ini memberi kesan bagaikan kapal pesiar yang belum rampung dibuat. Sebuah patung neptunus berwarna kuning juga terlihat menghiasi salah satu sudut tembok taman ini. Dekorasi yang ada di Atlantis Land Kenjeran akan memberi suasana bagaikan berada di sebuah kastil.",Taman Hiburan,Surabaya,125000,4.4,120.0,"{'lat': -7.2516189, 'lng': 112.8009694}",-7.2516189,112.8009694,,430.0,sejak diresmikan pada bulan desember 2017 atlantis land kenjeran surabaya sudah sukses mendatangkan banyak pengunjung taman wisata air menjadi taman air terbesar surabaya lokasinya terletak satu wilayah kenjeran park atau familiar disebut ken park tepatnya jalan pantai ria kenjeran sukolilo baru bulak surabaya jawa timur taman wisata air memiliki luas sekitar 15 hektar desain asli milik arsitek australia tema diambil taman wisata air istana bawah laut tema tersebut gerbang masuk atlantis land kenjeran surabaya memiliki dinding bangunan utama berwarna biru dinding utama tersebut dihiasi garisgaris menyerupai ombak berwarna putih atapnya berwarna kuning kecokelatan menjulang tinggi bagai istana kedua sisi bangunan utama terdapat bangunan berdinding cokelat ornamen belahan kayu bangunan memberi kesan bagaikan kapal pesiar belum rampung dibuat patung neptunus berwarna kuning juga terlihat menghiasi salah satu sudut tembok taman dekorasi ada atlantis land kenjeran akan memberi suasana bagaikan berada kastil
431,Taman Hiburan Rakyat,Taman Hiburan Rakyat atau THR tentunya sudah tak asing lagi bagi masyarakat Surabaya. Taman ini berletak di belakang Taman Remaja Surabaya (TRS) dan juga ada di belakang Hi-Tech Mall. THR biasanya digunakan untuk pertunjukan kesenian daerah. Taman ini menjadi ikon Surabaya karena sejarahnya yang cukup menarik.,Taman Hiburan,Surabaya,5000,4.2,,"{'lat': -7.252291, 'lng': 112.7520012}",-7.252291,112.7520012,,431.0,taman hiburan rakyat atau thr tentunya sudah tak asing lagi bagi masyarakat surabaya taman berletak belakang taman remaja surabaya trs juga ada belakang hitech mall thr biasanya digunakan pertunjukan kesenian daerah taman menjadi ikon surabaya karena sejarahnya cukup menarik
432,Taman Mundu,"Taman Mundu merupakan salah satu taman atau ruang terbuka hijau terutama bagi warga kota Surabaya, taman ini lebih tepatnya berada di Jl. Tambaksari atau berada di seberang Stadion Gelora Sepuluh November Tambaksari Surabaya. Taman Mundu dibangun menempati area seluas 4.800 meter persegi dan pembangunannya diresmikan pada 10 Juli 2010. Taman yang cantik ini mempunyai berbagai fasilitas yang bisa dinikmati dan digunakan oleh warga Surabaya atau siapapun yang mengunjungi taman ini, diantarnya fasilitas arena bermain bagi anak-anak,",Taman Hiburan,Surabaya,0,4.4,30.0,"{'lat': -7.251604599999999, 'lng': 112.7545983}",-7.2516046,112.7545983,,432.0,taman mundu merupakan salah satu taman atau ruang terbuka hijau terutama bagi warga surabaya taman lebih tepatnya berada jl tambaksari atau berada seberang stadion gelora sepuluh november tambaksari surabaya taman mundu dibangun menempati area seluas 4800 meter persegi pembangunannya diresmikan pada 10 juli 2010 taman cantik mempunyai berbagai fasilitas bisa dinikmati digunakan oleh warga surabaya atau siapapun mengunjungi taman diantarnya fasilitas arena bermain bagi anakanak
433,Museum Mpu Tantular,"Museum Negeri Mpu Tantular adalah sebuah museum negeri yang berlokasi di kecamatan Buduran, Sidoarjo, Jawa Timur. Awalnya, museum ini bernama Stedelijk Historisch Museum Soerabaia, didirikan oleh Godfried von Faber pada tahun 1933 dan diresmikan pada tanggal 25 Juli 1937. Saat ini, museum ini dikelola oleh Unit Pelaksana Teknis pada Departemen Kebudayaan dan Pariwisata.",Budaya,Surabaya,2000,4.4,45.0,"{'lat': -7.4338593, 'lng': 112.7199058}",-7.4338593,112.7199058,,433.0,museum negeri mpu tantular museum negeri berlokasi kecamatan buduran sidoarjo jawa timur awalnya museum bernama stedelijk historisch museum soerabaia didirikan oleh godfried von faber pada tahun 1933 diresmikan pada tanggal 25 juli 1937 saat museum dikelola oleh unit pelaksana teknis pada departemen kebudayaan pariwisata
434,Taman Bungkul,"Taman Bungkul adalah taman wisata kota yang terletak di pusat kota Surabaya, tepatnya di Jalan Raya Darmo. Taman ini berdiri di area seluas 900 meter persegi. Dilengkapi berbagai fasilitas penunjang, seperti amfiteater berdiameter 33 meter, lajur joging, lahan papan luncur, taman bermain anak-anak, air mancur, dan pujasera. Selain itu, taman ini juga dilengkapi akses internet nirkabel yang terbuka untuk umum sehingga siapapun bisa mengakses internet selama di taman ini. Letaknya yang berada di jantung Kota Surabaya membuat taman ini tidak hanya berfungsi sebagai lahan hijau saja, tetapi juga sebagai destinasi wisata yang populer di Surabaya.",Taman Hiburan,Surabaya,0,4.6,,"{'lat': -7.291346799999999, 'lng': 112.7398218}",-7.2913468,112.7398218,,434.0,taman bungkul taman wisata terletak pusat surabaya tepatnya jalan raya darmo taman berdiri area seluas 900 meter persegi dilengkapi berbagai fasilitas penunjang seperti amfiteater berdiameter 33 meter lajur joging lahan papan luncur taman bermain anakanak air mancur pujasera selain taman juga dilengkapi akses internet nirkabel terbuka umum sehingga siapapun bisa mengakses internet selama taman letaknya berada jantung surabaya membuat taman tidak hanya berfungsi lahan hijau saja tetapi juga destinasi wisata populer surabaya
435,Taman Air Mancur Menari Kenjeran,"Air mancur menari atau dancing fountain juga ada di kawasan jembatan kenjeran Surabaya. Air mancur ini di buat bersamaan dengan pembuatan jembatan kenjeran, di resmikan pada tanggal 9 juli 2016 lalu. Sejak diresmikannya air mancur dan jembatan yang membentang di atas laut dengan panjang 800 meter ini menjadi tujuan wisata bagi warga Surabaya dan sekitarnya. Dancing fountain yang indah tidak lepas dari komponen-komponen yang bekerja di dalamnya seperti nozzle sebagai tempat keluarnya air, dari nozzle inilah semburan air bisa berubah ubah. Air yang keluar di dorong oleh pompa air mancur yang mendorong dari tempat rendah ke tempat lebih tinggi. Pemilihan lampu yang tepat akan menambah kualitas pencahayaan lebih terang, sebaiknya menggunakan underwater led atau waterproof led karena lampu ini bersifat tahan air. Tentu akan menambah tampilan air mancur menari lebih memikat.",Taman Hiburan,Surabaya,0,4.4,45.0,"{'lat': -7.2752955, 'lng': 112.7549381}",-7.2752955,112.7549381,,435.0,air mancur menari atau dancing fountain juga ada kawasan jembatan kenjeran surabaya air mancur buat bersamaan pembuatan jembatan kenjeran resmikan pada tanggal 9 juli 2016 lalu sejak diresmikannya air mancur jembatan membentang atas laut panjang 800 meter menjadi tujuan wisata bagi warga surabaya sekitarnya dancing fountain indah tidak lepas komponenkomponen bekerja dalamnya seperti nozzle tempat keluarnya air nozzle inilah semburan air bisa berubah ubah air keluar dorong oleh pompa air mancur mendorong tempat rendah tempat lebih tinggi pemilihan lampu tepat akan menambah kualitas pencahayaan lebih terang sebaiknya menggunakan underwater led atau waterproof led karena lampu bersifat tahan air tentu akan menambah tampilan air mancur menari lebih memikat
436,Taman Flora Bratang Surabaya,Taman Flora adalah salah satu taman kota di Surabaya yang merupakan fasilitas publik dari Pemkot setempat. Sehingga tempat ini memang sengaja dibuat untuk dinikmati oleh khalayak umum. Karena taman ini merupakan fasilitas publik yang didirikan oleh Pemkot Surabaya maka bagi siapa saja jika ingin memanfaatkan taman kota ini tidak perlu membayar tiket masuk alias gratis.,Taman Hiburan,Surabaya,0,4.6,,"{'lat': -7.294330299999999, 'lng': 112.7617534}",-7.2943303,112.7617534,,436.0,taman flora salah satu taman surabaya merupakan fasilitas publik pemkot setempat sehingga tempat memang sengaja dibuat dinikmati oleh khalayak umum karena taman merupakan fasilitas publik didirikan oleh pemkot surabaya maka bagi siapa saja jika ingin memanfaatkan taman tidak perlu membayar tiket masuk alias gratis
437,Gereja Perawan Maria Tak Berdosa Surabaya,"Gereja Katolik Kelahiran Santa Perawan Maria merupakan salah satu gereja tua di kota Surabaya, Jawa Timur, Indonesia. Berlokasi di Jalan Kepanjen, Surabaya, bangunan religius ini berdampingan dengan gedung SMA Katolik Frateran Surabaya.",Tempat Ibadah,Surabaya,10000,4.8,,"{'lat': -7.2420758, 'lng': 112.7368158}",-7.2420758,112.7368158,,437.0,gereja katolik kelahiran santa perawan maria merupakan salah satu gereja tua surabaya jawa timur indonesia berlokasi jalan kepanjen surabaya bangunan religius berdampingan gedung sma katolik frateran surabaya
901,Festival Rujak Uleg 2026,"Festival kebudayaan tahunan kota Surabaya menyambut hari jadi kota, menampilkan pembuatan rujak uleg massal dan pawai budaya lokal.",Budaya,Surabaya,0,4.8,,,-7.245,112.738,,,festival kebudayaan tahunan surabaya menyambut hari jadi menampilkan pembuatan rujak uleg massal pawai budaya lokal
902,Bazar UMKM dan Kuliner Kenjeran,Pameran produk lokal kreatif dan sentra kuliner hasil laut olahan UMKM binaan Dinas Koperasi dan Perdagangan kota.,Pusat Perbelanjaan,Surabaya,0,4.5,,,-7.231,112.799,,,pameran produk lokal kreatif sentra kuliner hasil laut olahan umkm binaan dinas koperasi perdagangan
903,Surabaya Vaganza (Pawai Bunga),Pawai kendaraan hias bunga dan parade budaya yang diselenggarakan oleh Dinas Kebudayaan dan Pariwisata menyusuri jalan protokol.,Budaya,Surabaya,0,4.9,,,-7.265,112.74,,,pawai kendaraan hias bunga parade budaya diselenggarakan oleh dinas kebudayaan pariwisata menyusuri jalan protokol
